train_loss,val_AUROC,val_AUPRC,val_Accuracy,val_F1,val_MCC
0.4761508729361182,0.9488143297625481,0.9462147291099581,0.8216292134831461,0.8299866131191431,0.6722970881203216
0.2635222560100532,0.9738945929622683,0.9745538980102976,0.9143258426966292,0.8998357963875205,0.8319467309774177
0.197474672439025,0.980490479671954,0.9798235167165453,0.9143258426966292,0.8991735537190082,0.8330368765995563
0.15851679564094748,0.986847960837916,0.9860578459571241,0.925561797752809,0.913821138211382,0.8534972518271471
0.1358668623038634,0.987181728599129,0.9859883909623518,0.9438202247191011,0.9386503067484663,0.8868368352458755
0.12345877215305978,0.9895578371849073,0.9881789023606838,0.9382022471910112,0.9308176100628931,0.875948612739155
0.10598604979330421,0.9902094790044185,0.98855848746736,0.952247191011236,0.948012232415902,0.9038716068766464
0.0828017837280335,0.9908531739724721,0.9899019210910831,0.9466292134831461,0.9434523809523809,0.8944244655113962
0.08958204019574238,0.9891048666518327,0.9876739036089924,0.9339887640449438,0.9238249594813615,0.8702636696426819
0.08389473223779499,0.9898916049461204,0.988375550314734,0.9480337078651685,0.9450222882615156,0.8974149257901037
0.07614462646448207,0.9892399631266092,0.9876465038328799,0.949438202247191,0.945945945945946,0.8991928336304531
0.0719413537768607,0.9908213865666423,0.9892230849634116,0.9620786516853933,0.958904109589041,0.9237980156331544
0.05885097481974202,0.9920213611367177,0.990321298068378,0.9550561797752809,0.9515151515151514,0.9098739817448827
0.05230508621953654,0.9929431959057822,0.9917839641739868,0.9578651685393258,0.9539877300613497,0.9151276264344067
0.04855204308208422,0.9939524460408786,0.9930850837573714,0.9592696629213483,0.9546165884194053,0.918326796217856
0.05299910242720132,0.9938252964175595,0.9927646439965357,0.9634831460674157,0.9602446483180427,0.9264938152602294
0.044816518621461236,0.9934994755078038,0.9927522338776292,0.9592696629213483,0.9553158705701079,0.9179310935217202
0.0431748134788459,0.9937776153088147,0.992968836309777,0.9691011235955056,0.966565349544073,0.9379839178869197
0.0359928123016926,0.9934597412505165,0.9920368894112338,0.9662921348314607,0.9626168224299065,0.9323148005820949
0.04196451083335793,0.994731237483709,0.9940229629393785,0.9747191011235955,0.9722222222222223,0.9490888555158745
0.03341452873648326,0.9943577354652087,0.993867010086273,0.9719101123595506,0.9691358024691358,0.9434249330200879
0.03789625909340439,0.9958517435392098,0.9957257018799622,0.9789325842696629,0.9769585253456222,0.9575575276141202
0.030823832293321456,0.9926650561047712,0.9896057420318217,0.9620786516853933,0.958904109589041,0.9237980156331544
0.03579584236312926,0.9919101052163133,0.9899208314820737,0.9662921348314607,0.9636363636363636,0.9324692966973558
0.03796716141672654,0.9912505165453447,0.9858546976013085,0.9648876404494382,0.9621785173978821,0.9297245814274016
0.03199840287084832,0.9917909024444516,0.9867850866791338,0.9719101123595506,0.9692307692307691,0.9434065420242067
0.032698378797087875,0.9900584888267269,0.9845018995619098,0.9606741573033708,0.9571865443425076,0.9208382631643337
0.027506089419333215,0.9939842334467084,0.9920645896140202,0.973314606741573,0.9711684370257967,0.946522055556329
0.026650096392999357,0.9908452271210146,0.9845640957333367,0.9719101123595506,0.9693251533742331,0.9434184176229378
0.03265563303860782,0.9915683906036428,0.9921216969030805,0.9676966292134831,0.9648854961832062,0.9350113137199649
0.02614037264615467,0.992188245017324,0.9898494053763395,0.9578651685393258,0.9553571428571429,0.9169854964195379
0.02106202149370504,0.9945643536031025,0.99325453905923,0.9676966292134831,0.964992389649924,0.9351019870895073
0.021585308290950435,0.9917193807813345,0.989412813976992,0.9662921348314607,0.963302752293578,0.9321493673561252
0.02985370301191183,0.9952954639371882,0.9949366216115414,0.9719101123595506,0.9694189602446484,0.9434604715479168
0.028895757466663292,0.9947709717409963,0.9943866597274271,0.9606741573033708,0.9578313253012049,0.921539937049829
0.038184825726490776,0.9937219873486125,0.992697209435634,0.9578651685393258,0.9539877300613497,0.9151276264344067
0.034443549383196485,0.9931657077465907,0.9909432495725973,0.9620786516853933,0.9591527987897126,0.924076714407144
0.030605829476372068,0.9948265997011985,0.9930308631674318,0.9719101123595506,0.9692307692307691,0.9434065420242067
0.03214736628721623,0.9948742808099431,0.9940462519182626,0.9676966292134831,0.9653092006033183,0.9355521322634129
0.02336128775352354,0.9936901999427827,0.990367464299461,0.9691011235955056,0.966565349544073,0.9379839178869197
0.020816746471102248,0.9939842334467084,0.991954815784281,0.9705056179775281,0.9678407350689128,0.9406072613364177
0.018179453219393595,0.9947948122953685,0.9940215000825076,0.9719101123595506,0.9695121951219513,0.9435326244669053
0.013887255624660113,0.9950808989478368,0.9942708475099198,0.9691011235955056,0.966360856269113,0.937804919452021
0.012909709169855168,0.9952159954226135,0.9946004643001692,0.9676966292134831,0.9652042360060514,0.9353724484476592
0.012073123732837794,0.9944054165739534,0.9940265109892009,0.9620786516853933,0.9578783151326052,0.9238638414372523
0.012932434086870882,0.994731237483709,0.9944423003964358,0.9691011235955056,0.9667673716012085,0.9382820658149958
0.01735977771129342,0.9950332178390922,0.99461656334366,0.9676966292134831,0.9653092006033183,0.9355521322634129
0.013168995545737455,0.9935709971709209,0.9934417043076998,0.9662921348314607,0.963076923076923,0.9320846458213812
0.017415878051408623,0.9946756095235068,0.99481200403956,0.9662921348314607,0.9635258358662614,0.9323330298687829
0.013821665156535273,0.9958279029848375,0.9962343567285011,0.9789325842696629,0.9767441860465117,0.9576813146651648
0.01799872897998646,0.9938173495661019,0.9942213496474683,0.9648876404494382,0.9619482496194824,0.9294500013613309
0.019318775650661715,0.9897128007883276,0.9821339669143639,0.9550561797752809,0.9526627218934911,0.9120654007185345
0.02038935346200283,0.9937895355860008,0.9918493237258408,0.973314606741573,0.9708141321044548,0.9462384673039703
0.02015967395407713,0.9918226898502813,0.9886478064984854,0.9550561797752809,0.951951951951952,0.910480303615377
0.022806082717860995,0.9949219619186878,0.9945352382665439,0.9634831460674157,0.9596273291925466,0.9265416279007002
0.015666687313520927,0.9922359261260689,0.99143888552325,0.9691011235955056,0.9666666666666668,0.9381181254354741
0.015714903878355797,0.9934041132903143,0.9928119992400397,0.9705056179775281,0.9678407350689128,0.9406072613364177
0.013072467954485162,0.9916637528211323,0.9912182311124642,0.9620786516853933,0.9593984962406015,0.9244724535725493
0.010686699393341655,0.9936027845767507,0.9939498538623558,0.9691011235955056,0.966565349544073,0.9379839178869197
0.009949942692655825,0.9897326679169712,0.9871690862821787,0.9606741573033708,0.9580838323353292,0.9220246986156893
0.009307151636058737,0.9964318636956038,0.9965762123651573,0.9775280898876404,0.9754601226993865,0.9547347340983502
0.009498115923940054,0.9905511936170889,0.981812629843502,0.9676966292134831,0.9646697388632873,0.9349194069938205
0.008949260499507915,0.9942782669506341,0.9943295427576475,0.976123595505618,0.9740458015267176,0.9519742667691575
0.008122660386021309,0.9910359515559936,0.988852094008772,0.9705056179775281,0.968421052631579,0.9414058677495002
0.01044834666560309,0.9947471311866238,0.993981455218027,0.9775280898876404,0.9753846153846154,0.9547284382270323
0.007671685470408913,0.9929034616484949,0.9916295530999523,0.9719101123595506,0.9696048632218845,0.9436348059050566
0.01164162311906357,0.9939286054865063,0.9934829732569085,0.9747191011235955,0.9723076923076923,0.9490674901256195
0.008627342304011775,0.9936504656854954,0.9918285709883247,0.9719101123595506,0.9696048632218845,0.9436348059050566
0.01055786700410132,0.9923471820464732,0.9902517115533028,0.9719101123595506,0.9696048632218845,0.9436348059050566
0.009576628928718862,0.9949299087701453,0.9942595560815376,0.9691011235955056,0.9657320872274143,0.9379887623744777
0.006990918516814603,0.9905472201913601,0.9859113713513795,0.9747191011235955,0.9723076923076923,0.9490674901256195
0.01243924942502688,0.9925259862042659,0.9878797795337323,0.9691011235955056,0.9664634146341463,0.9378794955445212
0.01553180311315332,0.9935789440223783,0.9909088974217679,0.973314606741573,0.9708141321044548,0.9462384673039703
0.011940552762780943,0.9937696684573573,0.9921458787558843,0.973314606741573,0.9707241910631741,0.9462431544194462
0.0084341394038382,0.99457230045456,0.9941282215111984,0.9634831460674157,0.9608433734939759,0.9271851897873747
0.00910748296578617,0.9940795956641979,0.9929246678016017,0.973314606741573,0.9709035222052068,0.9462640935863673
0.006025104070180524,0.9949616961759751,0.9942097324291254,0.9691011235955056,0.9660493827160493,0.9377610105243014
0.00950322339349999,0.9946994500778792,0.993822794537612,0.9648876404494382,0.9618320610687022,0.9293569960369007
0.00638792582787739,0.9954782415207095,0.995228884083029,0.9662921348314607,0.9637462235649548,0.9326351153242239
0.0069029624395837,0.9958835309450396,0.9957696556853829,0.9705056179775281,0.9679389312977099,0.9406656314030291
0.007406169654632217,0.9947153437807941,0.9942105970922526,0.973314606741573,0.9708141321044548,0.9462384673039703
0.008854127828317982,0.9943736291681237,0.9934213378209399,0.9747191011235955,0.9721362229102166,0.9491407701867826
0.010751752047689385,0.9915524969007279,0.9893596857371226,0.9634831460674157,0.9608433734939759,0.9271851897873747
0.00858415033701074,0.993642518834038,0.9937592235366954,0.973314606741573,0.9711684370257967,0.946522055556329
0.011809688231719963,0.9953193044915604,0.9951434609756198,0.9747191011235955,0.9724770642201835,0.9491160236438125
0.007807553320702927,0.9927683651737181,0.9907251462311497,0.9691011235955056,0.9662576687116564,0.9377602593852316
0.007059401065003834,0.9945166724943577,0.9942671536666009,0.9719101123595506,0.9692307692307691,0.9434065420242067
0.007574379191064431,0.9946199815633047,0.9944644372142185,0.9747191011235955,0.9723076923076923,0.9490674901256195
0.009441680921678566,0.9921564576114943,0.9910843269966463,0.9592696629213483,0.9569093610698365,0.9199742644015944
0.01251018181254896,0.9958199561333798,0.9952348372121484,0.9676966292134831,0.9652042360060514,0.9353724484476592
0.007218215584019724,0.9949378556216026,0.9941791127344252,0.9747191011235955,0.972644376899696,0.9492856939231934
0.012970745824287339,0.9954146667090498,0.9950545647653036,0.973314606741573,0.9711684370257967,0.946522055556329
0.008050572292731152,0.9957961155790076,0.9954749370699675,0.9789325842696629,0.9771689497716896,0.9577099300022132
0.004512186183249828,0.9939444991894211,0.992604033954798,0.973314606741573,0.9711684370257967,0.946522055556329
0.007414545442717868,0.9954702946692521,0.994779774657178,0.9789325842696629,0.9770290964777948,0.9575777580862664
0.005098465621935493,0.9945961410089323,0.9939526677171717,0.9691011235955056,0.966867469879518,0.9384756952624664
0.006834336858764145,0.995295463937188,0.9947572443879642,0.9775280898876404,0.9756838905775077,0.9549365819413302
0.008557262160680644,0.9959550526081566,0.9950139368672435,0.973314606741573,0.9711684370257967,0.946522055556329
0.006144506821727535,0.9956133379954861,0.9950587186944266,0.9676966292134831,0.9653092006033183,0.9355521322634129
0.005731414959978139,0.9957563813217203,0.9952996374690005,0.976123595505618,0.9739663093415009,0.9519209258363168
0.005608251842711715,0.9950411646905497,0.9947510682821201,0.9705056179775281,0.9680365296803654,0.9407539728176838
0.0034474139073232585,0.9951762611653263,0.9947527690543542,0.9719101123595506,0.9696969696969697,0.9437669541735924
0.007116681370614539,0.9950411646905495,0.9948329293582011,0.9691011235955056,0.9667673716012085,0.9382820658149958
0.0055277750441625985,0.9957563813217203,0.9952710746463684,0.9705056179775281,0.9675425038639877,0.9406127689594388
0.006302353007102456,0.9926730029562288,0.9898167924638431,0.9606741573033708,0.9582089552238806,0.9223106950469481
0.0052370417429352546,0.9946040878603897,0.9933323850463082,0.9719101123595506,0.9695121951219513,0.9435326244669053
0.005378743392226033,0.9949537493245176,0.9950712810426773,0.973314606741573,0.9709923664122138,0.9463199490860933
0.0096835180532062,0.992220032423154,0.9911853812488303,0.9606741573033708,0.9580838323353292,0.9220246986156893
0.005859689344266913,0.9930385581232717,0.9927565443954294,0.9705056179775281,0.9682299546142208,0.9410203154679168
0.006450390870840117,0.9948663339584857,0.9945670039967733,0.9662921348314607,0.963302752293578,0.9321493673561252
0.004436674270521841,0.9949537493245176,0.9943421769534645,0.973314606741573,0.9709923664122138,0.9463199490860933
0.0031264658350508745,0.9934279538446867,0.9914754095092356,0.9747191011235955,0.9727272727272728,0.9494157829117106
0.0020476866563758577,0.9948663339584858,0.9940516425870002,0.9705056179775281,0.9680365296803654,0.9407539728176838
0.001346690642607529,0.9949060682157729,0.9938721282808455,0.9691011235955056,0.966565349544073,0.9379839178869197
0.0026630165551282453,0.9947828920181825,0.9937380101048849,0.9662921348314607,0.9637462235649548,0.9326351153242239
0.0039057036980206035,0.9953034107886456,0.9947009183388718,0.9705056179775281,0.9678407350689128,0.9406072613364177
0.004784972593337351,0.9922081121459678,0.9885201225695086,0.973314606741573,0.9709923664122138,0.9463199490860933
0.004865471540030841,0.9959709463110715,0.9955114412646664,0.9719101123595506,0.9692307692307691,0.9434065420242067
0.003531839146351509,0.9962729266664547,0.9958811532538197,0.9719101123595506,0.9696048632218845,0.9436348059050566
0.006478422774701235,0.9943338949108363,0.9938460058131658,0.9662921348314607,0.9627329192546584,0.9322120562921846
0.011077632582324925,0.9911114466448393,0.9877044695099908,0.9648876404494382,0.9622926093514329,0.9299060531794181
0.009199353556390358,0.9952557296799008,0.9942462895203599,0.9775280898876404,0.975609756097561,0.9548388823116735
0.006409792217680488,0.996153723894593,0.9954404915133336,0.9676966292134831,0.964992389649924,0.9351019870895073
0.006209402134360107,0.9964557042499762,0.9958466090065198,0.9691011235955056,0.9662576687116564,0.9377602593852316
0.009290319883001089,0.994627928414762,0.9934955532265523,0.9676966292134831,0.9654135338345864,0.9357613963571833
0.011246979051348594,0.9940557551098255,0.9929958832366286,0.9705056179775281,0.9680365296803654,0.9407539728176838
0.019405637613842015,0.995994786865444,0.9952391445839124,0.9676966292134831,0.9646697388632873,0.9349194069938205
0.0141610025628479,0.9931100797863887,0.9918310491352886,0.9564606741573034,0.9526717557251908,0.912394042987708
0.013776661901698828,0.9920849359483772,0.9910647644215536,0.9648876404494382,0.9619482496194824,0.9294500013613309
0.01577191257399823,0.9929352490543246,0.990622121801884,0.973314606741573,0.9709035222052068,0.9462640935863673
0.010583029077763493,0.9940001271496235,0.9930080018781636,0.9719101123595506,0.9692307692307691,0.9434065420242067
0.006735373817572395,0.9948345465526559,0.9939857554486421,0.9719101123595506,0.9696969696969697,0.9437669541735924
0.004543138197228172,0.9934200069932293,0.9917656486564096,0.973314606741573,0.9710806697108066,0.9464059585458602
0.0021665746140800265,0.9944610445341555,0.9931545718818926,0.9719101123595506,0.9695121951219513,0.9435326244669053
0.002783106136701871,0.9950729520963795,0.9940870621212934,0.9662921348314607,0.9628482972136223,0.9321395233304918
0.0038450554599738698,0.9952398359769858,0.994264036149992,0.9691011235955056,0.966360856269113,0.937804919452021
0.005692401444666961,0.9948107059982836,0.9937666594397018,0.9691011235955056,0.9664634146341463,0.9378794955445212
0.001819107145946453,0.9939286054865063,0.9921441634472944,0.9705056179775281,0.9679389312977099,0.9406656314030291
0.003629721493282851,0.9949140150672303,0.9938719103977862,0.973314606741573,0.9708141321044548,0.9462384673039703
0.0017379623990643072,0.9942981340792778,0.9929252241996207,0.973314606741573,0.9708141321044548,0.9462384673039703
0.001389730813966545,0.9948663339584856,0.9939157598097708,0.9747191011235955,0.9724770642201835,0.9491160236438125
0.002655991835753372,0.9929710098858833,0.9923856486238997,0.9705056179775281,0.9681335356600911,0.9408722198430101
0.0022322528220085577,0.9963841825868591,0.9959312037235722,0.9747191011235955,0.9724770642201835,0.9491160236438125
0.0024748767085600973,0.9946915032264219,0.9937779727825856,0.9705056179775281,0.9679389312977099,0.9406656314030291
0.0030452189571186887,0.9931418671922184,0.9909955360183963,0.973314606741573,0.9709923664122138,0.9463199490860933
0.004045750301557529,0.9940239677039957,0.9932135914603675,0.973314606741573,0.9709923664122138,0.9463199490860933
0.006749476979084335,0.9963444483295718,0.9959325117799901,0.9719101123595506,0.9690402476780187,0.9434736879013522
0.00277913980074684,0.9955100289265393,0.9948028970942331,0.9719101123595506,0.9696048632218845,0.9436348059050566
0.0030224660371716175,0.9946517689691343,0.9933016392561488,0.9719101123595506,0.9694189602446484,0.9434604715479168
0.003071257354745122,0.994151117327315,0.9931517652273955,0.9719101123595506,0.9693251533742331,0.9434184176229378
0.005843830349315677,0.9932173622810643,0.9910027942660118,0.973314606741573,0.9711684370257967,0.946522055556329
0.0068182119910517305,0.9928239931339203,0.9927554436452363,0.9691011235955056,0.9660493827160493,0.9377610105243014
0.014748384111906876,0.9915803108808291,0.9860835640562939,0.9719101123595506,0.9694189602446484,0.9434604715479168
0.008133134322524833,0.9926531358275851,0.9892321112289847,0.9676966292134831,0.964992389649924,0.9351019870895073
0.009074272648183748,0.9945961410089322,0.993405004795485,0.9719101123595506,0.9690402476780187,0.9434736879013522
0.00828465446564792,0.9911988620108714,0.9867222603856979,0.9747191011235955,0.9725609756097562,0.9491857533892893
0.008418320148829494,0.9928279665596491,0.9897172904016927,0.973314606741573,0.9709035222052068,0.9462640935863673
0.013565994756570887,0.9946994500778791,0.9935927137133268,0.9662921348314607,0.962962962962963,0.9320970880285149
0.014974315194457785,0.9951762611653263,0.9944373692261941,0.9747191011235955,0.9725609756097562,0.9491857533892893
0.007046941281303766,0.9929511427572397,0.9916472625340818,0.973314606741573,0.9709923664122138,0.9463199490860933
0.005251798163963641,0.9956928065100606,0.9951656856388309,0.9775280898876404,0.9755351681957186,0.9547715757397084
0.006129501091500851,0.9951285800565817,0.9942402555811752,0.976123595505618,0.9740458015267176,0.9519742667691575
0.0037387117308554712,0.993539209765091,0.9932132509228538,0.9747191011235955,0.9725609756097562,0.9491857533892893
0.0031192060955009247,0.9939286054865064,0.9938187718237664,0.9775280898876404,0.975609756097561,0.9548388823116735
0.001692384807395025,0.9947153437807941,0.9943589850254013,0.9775280898876404,0.9754601226993865,0.9547347340983502
0.0008131130643929473,0.9946438221176771,0.9943126277499477,0.9775280898876404,0.9755351681957186,0.9547715757397084
0.00211203281744934,0.9945603801773738,0.9938048594391996,0.976123595505618,0.9740458015267176,0.9519742667691575
0.0026282710059093027,0.9943577354652088,0.9940969283967254,0.9803370786516854,0.9786585365853658,0.9604920112340576
0.004739885950335795,0.9933166979242825,0.9926878319765976,0.976123595505618,0.9739663093415009,0.9519209258363168
0.0120618337566459,0.994151117327315,0.9933963637251486,0.9775280898876404,0.9755351681957186,0.9547715757397084
0.009771349248659345,0.996241139260625,0.9956070030399582,0.9705056179775281,0.967642526964561,0.940580742239901
0.009902399451247938,0.9924504911154202,0.9900836661093454,0.9705056179775281,0.9678407350689128,0.9406072613364177
0.003962374269416072,0.9937219873486125,0.9922337193361093,0.9705056179775281,0.9679389312977099,0.9406656314030291
0.00407701762437505,0.9950570583934645,0.9942792633933122,0.9705056179775281,0.9679389312977099,0.9406656314030291
0.005962218273886206,0.9935868908738359,0.9920989341117116,0.9705056179775281,0.9680365296803654,0.9407539728176838
0.006062995366322842,0.990606821577291,0.9865401893246335,0.9676966292134831,0.964992389649924,0.9351019870895073
0.007481590193899545,0.9927484980450746,0.9909815202718507,0.9676966292134831,0.9647779479326186,0.9349504290864682
0.007079136366080595,0.993380272735942,0.9930317740110239,0.9676966292134831,0.9647779479326186,0.9349504290864682
0.0025956269978291697,0.9949378556216028,0.9943909262727636,0.9691011235955056,0.9662576687116564,0.9377602593852316
0.0013999793349006502,0.9947948122953686,0.9940434306747128,0.9662921348314607,0.9631901840490797,0.9321021011475253
0.0014148756812350461,0.994890174512858,0.9944799601524296,0.9747191011235955,0.9724770642201835,0.9491160236438125
0.002812480730874649,0.9947630248895388,0.9942447474460864,0.9691011235955056,0.966153846153846,0.937745593922794
0.0031460800299080755,0.9947153437807941,0.9943219408861766,0.9620786516853933,0.9591527987897126,0.924076714407144
0.002844760620812893,0.9950570583934645,0.9947149403323029,0.9747191011235955,0.9724770642201835,0.9491160236438125
0.002685025057543159,0.9942862138020915,0.9937777596566076,0.9747191011235955,0.972644376899696,0.9492856939231934
0.0035557325347388806,0.9937060936456976,0.9927706702020447,0.976123595505618,0.9740458015267176,0.9519742667691575
0.004540195139447135,0.9935789440223783,0.9924151006955375,0.9719101123595506,0.9690402476780187,0.9434736879013522
0.014454607565102364,0.9941590641787723,0.9934199920009357,0.9747191011235955,0.9725609756097562,0.9491857533892893
0.01837719555314158,0.9946676626720494,0.9938236867631428,0.9648876404494382,0.9621785173978821,0.9297245814274016
0.01423254502973967,0.9916319654153025,0.9899103910669297,0.9620786516853933,0.9592760180995475,0.9242599740954232
0.008839496077809674,0.994063701961283,0.9937784841317951,0.9719101123595506,0.9693251533742331,0.9434184176229378
0.00669269871679533,0.9913975332973076,0.9900349140740703,0.9719101123595506,0.9695121951219513,0.9435326244669053
0.005815237275876798,0.9948424934041132,0.9948340395716648,0.9719101123595506,0.9695121951219513,0.9435326244669053
0.0052809843346690215,0.9947948122953685,0.9944711640285325,0.976123595505618,0.9738058551617873,0.9519055665989914
0.003691816989149792,0.9952001017196986,0.9952686799922639,0.976123595505618,0.9739663093415009,0.9519209258363168
0.0033688432974772332,0.9950808989478369,0.9950332583279047,0.973314606741573,0.9709923664122138,0.9463199490860933
0.0031107724338894174,0.9934756349534315,0.9935636127941541,0.973314606741573,0.9711684370257967,0.946522055556329
0.005807491091001999,0.9945087256429003,0.9943763252393981,0.976123595505618,0.9740458015267176,0.9519742667691575
0.0034440199182195403,0.9923471820464732,0.9920942771027395,0.976123595505618,0.9741248097412482,0.9520579442740367
0.0018091494219047044,0.9936107314282082,0.993536498896372,0.9775280898876404,0.975609756097561,0.9548388823116735
0.0028406770244173186,0.9940160208525383,0.9940755703366865,0.9789325842696629,0.9770992366412213,0.9576285844522218
0.0025427386594633816,0.9935471566165486,0.993814970399378,0.9747191011235955,0.9724770642201835,0.9491160236438125
0.004537247673556356,0.9933166979242825,0.9932976499359536,0.973314606741573,0.9709035222052068,0.9462640935863673
0.006581143516999632,0.9915882577322865,0.9919650712949883,0.9691011235955056,0.9666666666666668,0.9381181254354741
0.002692487155203314,0.993221335706793,0.9938082670313783,0.9719101123595506,0.9693251533742331,0.9434184176229378
0.006876508890986231,0.9949060682157729,0.9947540982369923,0.9719101123595506,0.9690402476780187,0.9434736879013522
0.009356710229736224,0.994397469722496,0.9944499528894516,0.9676966292134831,0.9642301710730948,0.9350957303666488
0.012290315084933185,0.9939444991894212,0.9939988203274637,0.9691011235955056,0.966360856269113,0.937804919452021
0.004276629561898233,0.9952477828284434,0.9951915629270309,0.9676966292134831,0.9647779479326186,0.9349504290864682
0.004346682347721902,0.9951285800565816,0.9954418202649983,0.973314606741573,0.9711684370257967,0.946522055556329
0.0037351126127063775,0.9941193299214851,0.99432216730814,0.9747191011235955,0.9722222222222223,0.9490888555158745
0.004466018613832671,0.9954623478177945,0.9956855877352366,0.9803370786516854,0.9785932721712537,0.9604271278356041
0.0053744082296541765,0.9960424679741886,0.9960275976318909,0.973314606741573,0.9706336939721792,0.946278248119401
0.005271258157979887,0.9960265742712737,0.9960526923845859,0.9789325842696629,0.9770290964777948,0.9575777580862664
0.004508747076428532,0.9948265997011985,0.9945919851644025,0.9775280898876404,0.9753846153846154,0.9547284382270323
0.006197225622284217,0.9952477828284434,0.9951891652841953,0.9789325842696629,0.9768875192604005,0.9575679787785365
0.005374416904619411,0.9946358752662195,0.9944692379876047,0.973314606741573,0.9711684370257967,0.946522055556329
0.007190955675637875,0.9945802473060174,0.9940591582206812,0.9662921348314607,0.9637462235649548,0.9326351153242239
0.008403174680657561,0.9928319399853779,0.9909136563954177,0.9662921348314607,0.9635258358662614,0.9323330298687829
0.006100674088273834,0.9927286309164309,0.9919082640608108,0.9648876404494382,0.9621785173978821,0.9297245814274016
0.004537303939919833,0.9954941352236244,0.9952644174321189,0.9705056179775281,0.967642526964561,0.940580742239901
0.004850271126927343,0.9965033853587209,0.9964682038711423,0.9747191011235955,0.9725609756097562,0.9491857533892893
0.003792509022663213,0.9951603674624114,0.9953277821848902,0.9691011235955056,0.9667673716012085,0.9382820658149958
0.002012209128393826,0.9960663085285609,0.9959635844377944,0.9789325842696629,0.9769585253456222,0.9575575276141202
0.002130324327765043,0.9946597158205919,0.9944201112001556,0.9691011235955056,0.966565349544073,0.9379839178869197
0.002344763684523551,0.995732540767348,0.995979346909079,0.9747191011235955,0.9724770642201835,0.9491160236438125
0.005565923579347244,0.9953272513430179,0.9953005675757222,0.9705056179775281,0.967642526964561,0.940580742239901
0.0020205341743677325,0.9935709971709209,0.9938037245996565,0.973314606741573,0.9711684370257967,0.946522055556329
0.0010614905382162294,0.9942623732477193,0.9947802720555893,0.973314606741573,0.9711684370257967,0.946522055556329
0.0014264667771679467,0.9944133634254109,0.9942492884143702,0.9747191011235955,0.972644376899696,0.9492856939231934
0.00158001797911586,0.9945007787914428,0.9941389418551505,0.9747191011235955,0.9723926380368099,0.949076575860644
0.0019512160155875096,0.9952318891255284,0.9949999038507308,0.9691011235955056,0.966565349544073,0.9379839178869197
0.0013556120539549986,0.9948663339584858,0.9949992385706219,0.9676966292134831,0.9648854961832062,0.9350113137199649
0.0034362367113676866,0.9955259226294542,0.9947719921578173,0.9676966292134831,0.964992389649924,0.9351019870895073
0.0038755112370284332,0.9956252582726723,0.9945098410405205,0.9719101123595506,0.9691358024691358,0.9434249330200879
0.005738300195557752,0.994556406751645,0.9928361328754888,0.9676966292134831,0.964992389649924,0.9351019870895073
0.004891708183592401,0.9948703073842144,0.993824400438647,0.9691011235955056,0.9666666666666668,0.9381181254354741
0.004056226264428836,0.9945007787914428,0.9930887422347007,0.9691011235955056,0.966565349544073,0.9379839178869197
0.004443871246416618,0.9939087383578625,0.9905599219203512,0.9676966292134831,0.9652042360060514,0.9353724484476592
0.004772283241645339,0.9949895101560762,0.9941642436683642,0.976123595505618,0.9739663093415009,0.9519209258363168
0.0031900526318058473,0.9936425188340379,0.9923155260009447,0.9719101123595506,0.9693251533742331,0.9434184176229378
0.003134734915958152,0.9955060555008106,0.9946693833669298,0.9705056179775281,0.9679389312977099,0.9406656314030291
0.00369110401869722,0.9938968180806764,0.9925426838322099,0.9691011235955056,0.966565349544073,0.9379839178869197
0.002935203458662626,0.9945842207317461,0.9938755683748173,0.9747191011235955,0.9724770642201835,0.9491160236438125
0.003492484824222973,0.9930067707174417,0.990703764309238,0.973314606741573,0.9706336939721792,0.946278248119401
0.0011701531358539068,0.9926730029562287,0.987319206122406,0.9719101123595506,0.9695121951219513,0.9435326244669053
0.003744638705524766,0.9930544518261865,0.9922926973528895,0.9719101123595506,0.9696048632218845,0.9436348059050566
0.0029499654854572787,0.9937617216058997,0.9941132200460032,0.9719101123595506,0.9695121951219513,0.9435326244669053
0.004810055497065339,0.995398773006135,0.9954813912407132,0.9705056179775281,0.9680365296803654,0.9407539728176838
0.003614978428526576,0.995136526908039,0.9952253689790306,0.9719101123595506,0.9694189602446484,0.9434604715479168
0.011236379890280812,0.9940239677039957,0.9933235309573846,0.9691011235955056,0.9660493827160493,0.9377610105243014
0.018589702761951828,0.993046504974729,0.990412814381224,0.9676966292134831,0.9652042360060514,0.9353724484476592
0.03190961423247692,0.9925339330557233,0.9879930720961037,0.9648876404494382,0.9620637329286797,0.9295725484163723
0.011189585254152814,0.9933564321815698,0.992187322140067,0.9662921348314607,0.9635258358662614,0.9323330298687829
0.0121674028033281,0.9938570838233891,0.9931731028722136,0.9676966292134831,0.964451313755796,0.9349472897994767
0.006392049432071146,0.993976286595251,0.9931185296524618,0.9747191011235955,0.9723926380368099,0.949076575860644
0.006221391898537661,0.9930385581232716,0.9926335904468025,0.973314606741573,0.9708141321044548,0.9462384673039703
0.00479370332742259,0.9944054165739534,0.9938187893796213,0.9705056179775281,0.9679389312977099,0.9406656314030291
0.0029524633977550596,0.9950411646905497,0.9946622473917254,0.9789325842696629,0.9769585253456222,0.9575575276141202
0.0018619174061336615,0.9944769382370704,0.9937851766178956,0.976123595505618,0.9740458015267176,0.9519742667691575
0.004373627786198142,0.9941709844559586,0.9939201581375372,0.973314606741573,0.9708141321044548,0.9462384673039703
0.00194412758751111,0.9930385581232716,0.9921099081915027,0.9705056179775281,0.9677419354838709,0.9405789371488954
0.0018097503946221806,0.9924743316697925,0.9916901679585199,0.9662921348314607,0.9636363636363636,0.9324692966973558
0.0016795937087945507,0.992756444896532,0.9916334921945,0.9705056179775281,0.9677419354838709,0.9405789371488954
0.0034984620161930594,0.9921802981658667,0.9898214043291892,0.973314606741573,0.9709035222052068,0.9462640935863673
0.002119008179574479,0.993046504974729,0.9921011757410041,0.9676966292134831,0.964992389649924,0.9351019870895073
0.0015081552402009943,0.9938491369719318,0.993239874288109,0.9705056179775281,0.9678407350689128,0.9406072613364177
0.0010136607802183491,0.9923392351950158,0.991173253222858,0.9676966292134831,0.964992389649924,0.9351019870895073
0.0009810566067730067,0.9925140659270797,0.9905839314925229,0.973314606741573,0.9709035222052068,0.9462640935863673
0.0014599668746124708,0.9936147048539369,0.992073792365397,0.973314606741573,0.9709035222052068,0.9462640935863673
0.002809041595876001,0.9922081121459678,0.9896040671790293,0.9691011235955056,0.9664634146341463,0.9378794955445212
0.00212178394265828,0.9905551670428177,0.9867062066863358,0.9676966292134831,0.9648854961832062,0.9350113137199649
0.0027991515255876877,0.9920730156711911,0.9898496453971737,0.9747191011235955,0.9722222222222223,0.9490888555158745
0.0018691021320952502,0.9919458660478719,0.9896927923891862,0.9662921348314607,0.9636363636363636,0.9324692966973558
0.0016144016769532629,0.9911591277535841,0.9883312057472482,0.9705056179775281,0.9677419354838709,0.9405789371488954
0.0018370470842883182,0.9915842843065577,0.9893262410446864,0.9705056179775281,0.9679389312977099,0.9406656314030291
0.0012392942757974623,0.991433294128866,0.988206073381002,0.9676966292134831,0.964992389649924,0.9351019870895073
0.002771793678139967,0.9926134015702979,0.9910555411952754,0.973314606741573,0.9707241910631741,0.9462431544194462
0.001290648231236786,0.9928478336882927,0.9912441610854079,0.9747191011235955,0.9724770642201835,0.9491160236438125
0.003016132243471934,0.9943895228710384,0.994153831195111,0.9662921348314607,0.9634146341463414,0.9322263666221371
0.002394537760045146,0.9926928700848724,0.9875628870011005,0.9662921348314607,0.963076923076923,0.9320846458213812
0.00447215498991512,0.9932253091325216,0.9885628285031542,0.9676966292134831,0.9648854961832062,0.9350113137199649
0.0038669663977778774,0.9917193807813344,0.9870790429258389,0.9606741573033708,0.9577039274924471,0.9213412143426802
0.0036249971987662457,0.9913975332973076,0.9853535036719971,0.9634831460674157,0.9601226993865031,0.9264439429098191
0.00502635030194207,0.9912028354366,0.9868263608786683,0.9676966292134831,0.9652042360060514,0.9353724484476592
0.009300695289224161,0.9913538256142916,0.9883903780531728,0.9662921348314607,0.9626168224299065,0.9323148005820949
0.014217865348084847,0.9904717251025144,0.9893332798356526,0.9536516853932584,0.9506726457399104,0.9080595762569279
0.010925726189105648,0.9918942115133984,0.9902207005503323,0.9620786516853933,0.957613814756672,0.9241792327713846
0.008006660654988831,0.9928796210941225,0.9927963470497284,0.9691011235955056,0.9662576687116564,0.9377602593852316
0.0018261837621869378,0.9925061190756223,0.9921615380116776,0.973314606741573,0.9709035222052068,0.9462640935863673
0.0017187613933429152,0.9927047903620586,0.9924752128192119,0.9719101123595506,0.9693251533742331,0.9434184176229378
0.002508773312931435,0.9926173749960266,0.9924894286587626,0.9676966292134831,0.9646697388632873,0.9349194069938205
0.004491968687715497,0.9929829301630695,0.993109065064744,0.9634831460674157,0.9602446483180427,0.9264938152602294
0.003091433537477522,0.9930067707174418,0.9933033877733388,0.9676966292134831,0.9647779479326186,0.9349504290864682
0.0027897040659544195,0.9940795956641978,0.9944154930256455,0.976123595505618,0.9737248840803708,0.951943727279363
0.0019938242181979228,0.9936345719825805,0.9939497508825181,0.9705056179775281,0.9674418604651164,0.940675118697847
0.0012713678965996602,0.9941272767729425,0.9948611352012312,0.9719101123595506,0.9693251533742331,0.9434184176229378
0.002343391134784299,0.9935630503194636,0.9941220720945554,0.9705056179775281,0.9678407350689128,0.9406072613364177
0.004888980486558589,0.9943656823166662,0.9948775355572721,0.9676966292134831,0.9642301710730948,0.9350957303666488
0.005919893844753422,0.9921802981658667,0.9919849650109962,0.9620786516853933,0.9591527987897126,0.924076714407144
0.006888788326504446,0.9946994500778792,0.9949112805758699,0.9705056179775281,0.9680365296803654,0.9407539728176838
0.003673570311853784,0.994731237483709,0.994771605980501,0.9719101123595506,0.9694189602446484,0.9434604715479168
0.002440609691268251,0.9940716488127405,0.9941771245873509,0.9634831460674157,0.9609609609609611,0.9274115085927628
0.0024588252238788035,0.9946994500778791,0.9949768907158525,0.9691011235955056,0.966360856269113,0.937804919452021
0.0018264484991689324,0.9938968180806764,0.9941270708448726,0.9662921348314607,0.963076923076923,0.9320846458213812
0.0006361418051126581,0.9939444991894212,0.9942222589175853,0.9676966292134831,0.9646697388632873,0.9349194069938205
0.00045884544356200574,0.9943338949108363,0.9947515542708988,0.9634831460674157,0.9601226993865031,0.9264439429098191
0.0006031443097595694,0.9944451508312407,0.9948846620380862,0.9634831460674157,0.9599999999999999,0.9264236977199685
0.004359178528621615,0.994512699068629,0.9949520679160997,0.9719101123595506,0.9695121951219513,0.9435326244669053
0.002780998610008111,0.9938491369719318,0.99384944273969,0.9634831460674157,0.9601226993865031,0.9264439429098191
0.005202187924837679,0.994906068215773,0.9953771789114294,0.9691011235955056,0.9659442724458206,0.937806605615922
0.0037163425910712432,0.9961378301916781,0.9961667138100723,0.9676966292134831,0.964992389649924,0.9351019870895073
0.0025929140973007716,0.996066308528561,0.9962234174642122,0.9747191011235955,0.9724770642201835,0.9491160236438125
0.0045729087678596,0.9953590387488478,0.9955523296820488,0.9662921348314607,0.963302752293578,0.9321493673561252
0.004454742920991261,0.9948107059982835,0.9950708954673816,0.9691011235955056,0.9664634146341463,0.9378794955445212
0.0017356149344969634,0.9943736291681237,0.9946678377497921,0.973314606741573,0.9707241910631741,0.9462431544194462
0.0039832259104705565,0.9947590514638099,0.9952526683843047,0.9747191011235955,0.9723926380368099,0.949076575860644
0.0028133368206065264,0.9952159954226135,0.9954457204923166,0.9705056179775281,0.9678407350689128,0.9406072613364177
0.0043036679997366925,0.9945881941574747,0.9945031987525209,0.9719101123595506,0.9693251533742331,0.9434184176229378
0.0030326183253716033,0.9965987475762103,0.996321888037957,0.9705056179775281,0.9680365296803654,0.9407539728176838
0.0029643861875333862,0.9968212594170189,0.9966336365522469,0.9691011235955056,0.9657320872274143,0.9379887623744777
0.003022558947886974,0.9948742808099431,0.9951219293689093,0.9691011235955056,0.966867469879518,0.9384756952624664
0.002763772145866631,0.9962967672208272,0.9962171044934814,0.9705056179775281,0.9671361502347418,0.9410452576381618
0.0018001802985175854,0.9963841825868591,0.9964144617121865,0.9719101123595506,0.9695121951219513,0.9435326244669053
0.0006273854249680394,0.9948107059982835,0.9950687103433526,0.9691011235955056,0.966360856269113,0.937804919452021
0.0013305566908743257,0.9955338694809116,0.9958229984895965,0.9705056179775281,0.9679389312977099,0.9406656314030291
0.0010025911364304712,0.9956530722527734,0.9957956232975582,0.9676966292134831,0.9643410852713179,0.935006386708741
0.002780806981373339,0.9958676372421247,0.9960372141357435,0.9691011235955056,0.966153846153846,0.937745593922794
0.005295538974694991,0.9951047395022092,0.9949735055328096,0.9705056179775281,0.9677419354838709,0.9405789371488954
0.0037908104348797884,0.9943497886137512,0.9942733928588642,0.9634831460674157,0.9608433734939759,0.9271851897873747
0.0076929361057765395,0.9920054674338027,0.9910050704580788,0.9691011235955056,0.9658385093167703,0.9378824846836691
0.006588820834975724,0.9942067452875172,0.9935109914939877,0.9634831460674157,0.9598765432098765,0.9264331655327283
0.006229462057336166,0.9952954639371882,0.9950956612643211,0.973314606741573,0.9711684370257967,0.946522055556329
0.005033678014717317,0.9934994755078037,0.9931835233344994,0.9620786516853933,0.958904109589041,0.9237980156331544
0.005241671717216722,0.9941352236244,0.9943766646922275,0.9705056179775281,0.9677419354838709,0.9405789371488954
0.0016624573411242933,0.9930822658062876,0.9931331320520154,0.9705056179775281,0.9679389312977099,0.9406656314030291
0.004604916387281831,0.9934597412505166,0.9934126081370789,0.9705056179775281,0.9679389312977099,0.9406656314030291
0.003286769394705673,0.9940557551098255,0.9944328695200723,0.9648876404494382,0.9620637329286797,0.9295725484163723
0.0014146464939479122,0.9949934835818048,0.9954893519685379,0.9662921348314607,0.9631901840490797,0.9321021011475253
0.0022895023314189215,0.9948424934041133,0.9953379192160814,0.9705056179775281,0.9682299546142208,0.9410203154679168
0.0015494385408690982,0.9932054420038781,0.9907303172212498,0.9719101123595506,0.9691358024691358,0.9434249330200879
0.0013838092031388967,0.9937458279029848,0.9927588480580055,0.9719101123595506,0.9693251533742331,0.9434184176229378
0.002119889006884207,0.9940398614069106,0.9939670644341999,0.973314606741573,0.9709035222052068,0.9462640935863673
0.0015496896362341176,0.9931696811723195,0.9929222196556424,0.9705056179775281,0.9677419354838709,0.9405789371488954
0.0016397809599915949,0.9940795956641978,0.9938110101542318,0.976123595505618,0.9738058551617873,0.9519055665989914
0.001308870981928546,0.9949378556216026,0.9942992685050791,0.9676966292134831,0.964992389649924,0.9351019870895073
0.0009509649272112602,0.9931816014495057,0.991146860428829,0.9747191011235955,0.9723926380368099,0.949076575860644
0.0009289956269235879,0.9928518071140215,0.9917052551522166,0.9705056179775281,0.9680365296803654,0.9407539728176838
0.0004823318070221987,0.9936941733685114,0.992953002241955,0.9747191011235955,0.9722222222222223,0.9490888555158745
0.0014223703689225284,0.9917710353158079,0.988783111849229,0.9676966292134831,0.9648854961832062,0.9350113137199649
0.0028774869943273816,0.9937060936456976,0.9939198744213198,0.9662921348314607,0.9627329192546584,0.9322120562921846
0.0005622920265516341,0.993801455863187,0.9944402975699171,0.9719101123595506,0.9694189602446484,0.9434604715479168
0.0010219953423865524,0.9937855621602721,0.9944436424679562,0.973314606741573,0.9707241910631741,0.9462431544194462
0.0021827953099714126,0.9939683397437935,0.9943352239763315,0.9691011235955056,0.966153846153846,0.937745593922794
0.0018363616618301876,0.9939603928923361,0.9941092706459855,0.9705056179775281,0.967642526964561,0.940580742239901
0.004101208471611113,0.9947352109094376,0.9945849214861501,0.9705056179775281,0.9673405909797822,0.9407679019833152
0.012515779512763956,0.9917114339298769,0.9914843364456885,0.9550561797752809,0.9492063492063493,0.91077661525669
0.013529156465005516,0.9914889220890684,0.9901983203728518,0.9705056179775281,0.9679389312977099,0.9406656314030291
0.008502347971207197,0.9925061190756224,0.9929379547602192,0.9719101123595506,0.968944099378882,0.9435529130751534
0.00979466093235379,0.9922637401061699,0.9922627030450293,0.9775280898876404,0.9753846153846154,0.9547284382270323
0.005485629365942934,0.9943418417622938,0.9947884072760003,0.9719101123595506,0.9691358024691358,0.9434249330200879
0.002902936513257259,0.9938809243777615,0.9947132191193809,0.976123595505618,0.9738058551617873,0.9519055665989914
0.0033938139263393428,0.9939365523379637,0.9942977243773359,0.9719101123595506,0.9690402476780187,0.9434736879013522
0.004131336470778681,0.9946517689691344,0.9953316627118084,0.976123595505618,0.9738058551617873,0.9519055665989914
0.002634938622200598,0.993714040497155,0.9940444295227306,0.973314606741573,0.9704510108864698,0.9464400735999814
0.0015805648742818375,0.994381576019581,0.9946809949250098,0.973314606741573,0.9708141321044548,0.9462384673039703
0.002447688270656042,0.994468991385613,0.9951718054909541,0.9747191011235955,0.9723926380368099,0.949076575860644
0.002315666484874858,0.9942305858418895,0.9950620200410756,0.976123595505618,0.9738058551617873,0.9519055665989914
0.003108030142935729,0.9933166979242823,0.993360719202,0.9592696629213483,0.9563909774436091,0.9188279821802322
0.0031861017818059427,0.9945405130487301,0.9951849863491241,0.973314606741573,0.9709035222052068,0.9462640935863673
0.003044779857628837,0.9944769382370705,0.9948841950321292,0.9691011235955056,0.966565349544073,0.9379839178869197
0.002168293470639489,0.994556406751645,0.9948893783877264,0.9691011235955056,0.9659442724458206,0.937806605615922
0.001150835039874071,0.994556406751645,0.9951399626320698,0.9747191011235955,0.9721362229102166,0.9491407701867826
0.001828105482232225,0.9945246193458152,0.9951862004255625,0.9747191011235955,0.9723076923076923,0.9490674901256195
0.0011141172130069612,0.9943259480593789,0.9946519051831223,0.9705056179775281,0.9679389312977099,0.9406656314030291
0.0016505806552294742,0.9952080485711562,0.995633029288114,0.973314606741573,0.9706336939721792,0.946278248119401
0.000898979722189019,0.9954544009663372,0.9959487663754225,0.9747191011235955,0.9723926380368099,0.949076575860644
0.0012427419267539163,0.9951126863536667,0.9955458160765625,0.9705056179775281,0.9679389312977099,0.9406656314030291
0.001070085955353839,0.9947073969293366,0.9949216655256512,0.9691011235955056,0.9664634146341463,0.9378794955445212
0.0042170634021794235,0.9944928319399854,0.9948811934255805,0.9705056179775281,0.9681335356600911,0.9408722198430101
0.0010841141026563148,0.9946120347118471,0.9948275768950453,0.9719101123595506,0.9694189602446484,0.9434604715479168
0.0027892086696308343,0.9943497886137513,0.9947220964177941,0.9648876404494382,0.9619482496194824,0.9294500013613309
0.001377182054235793,0.9931100797863887,0.993361758585031,0.9648876404494382,0.9620637329286797,0.9295725484163723
0.003226594686976573,0.9938252964175595,0.9945545986433086,0.9705056179775281,0.9679389312977099,0.9406656314030291
0.002752399237088348,0.994381576019581,0.9948419868603284,0.9719101123595506,0.9693251533742331,0.9434184176229378
0.003125325465671256,0.9938650306748466,0.9938230229398008,0.9705056179775281,0.9678407350689128,0.9406072613364177
0.0016368250715257787,0.9944292571283256,0.9944280246409438,0.9747191011235955,0.972644376899696,0.9492856939231934
0.001948719543934512,0.9899671000349661,0.991267639077604,0.9705056179775281,0.9679389312977099,0.9406656314030291
0.0017592965086275108,0.9943180012079215,0.9945218971665568,0.9691011235955056,0.9660493827160493,0.9377610105243014
0.004339431691103223,0.992800152579548,0.9926677569689468,0.9719101123595506,0.9696969696969697,0.9437669541735924
0.008163567755073452,0.9943497886137512,0.9951181371969614,0.9705056179775281,0.967642526964561,0.940580742239901
0.003323838916229902,0.9940716488127403,0.9948217706685166,0.976123595505618,0.9737248840803708,0.951943727279363
0.007784435955267042,0.9935630503194635,0.9939541202903219,0.973314606741573,0.9706336939721792,0.946278248119401
0.0017557228579708126,0.9934517943990591,0.994258027334628,0.9719101123595506,0.9693251533742331,0.9434184176229378
0.0017563562054466473,0.9931100797863887,0.9940550911103379,0.9705056179775281,0.9674418604651164,0.940675118697847
0.002510382880350392,0.9941749578816873,0.9951255341890898,0.973314606741573,0.9705426356589147,0.9463438506869529
0.0006740846931799371,0.9942862138020916,0.9952126695370711,0.9747191011235955,0.9723076923076923,0.9490674901256195
0.0012080618108183156,0.9946040878603897,0.995456715558733,0.9719101123595506,0.9692307692307691,0.9434065420242067
0.0006374120923972727,0.9945723004545599,0.9953650634007243,0.9775280898876404,0.9754601226993865,0.9547347340983502
0.0019950796235198823,0.9943338949108363,0.9948687069920807,0.973314606741573,0.9709035222052068,0.9462640935863673
0.003234371066255097,0.9938531103976604,0.9941706389130514,0.9747191011235955,0.9723076923076923,0.9490674901256195
0.0011545044520757887,0.9932968307956389,0.993736309092156,0.9705056179775281,0.9678407350689128,0.9406072613364177
0.0016521963274473083,0.9931617343208621,0.9925666234714212,0.9691011235955056,0.966153846153846,0.937745593922794
0.0020806071462854013,0.9927524714708033,0.9924536259016009,0.9676966292134831,0.9654135338345864,0.9357613963571833
0.0015169143485631617,0.9939047649321339,0.993373554094091,0.9606741573033708,0.956386292834891,0.9209668769973293
0.006254374251382043,0.9936901999427826,0.9941023289190748,0.9676966292134831,0.9650986342943854,0.9352223841296912
0.001715878140243082,0.9948981213643154,0.995161362992748,0.9676966292134831,0.9642301710730948,0.9350957303666488
0.002367688217838832,0.9937537747544423,0.9942239610742462,0.9691011235955056,0.966360856269113,0.937804919452021
0.005930703502528008,0.993149814043676,0.9939471641673376,0.976123595505618,0.9740458015267176,0.9519742667691575
0.0027885838718490256,0.9934200069932293,0.9938651500772159,0.9719101123595506,0.9693251533742331,0.9434184176229378
0.005003927791506451,0.9941074096442989,0.9942837542634392,0.9719101123595506,0.9691358024691358,0.9434249330200879
0.0052947830464503765,0.9929352490543246,0.9936579001922762,0.9691011235955056,0.966360856269113,0.937804919452021
0.009436049508720918,0.9948663339584856,0.9942828748864369,0.9676966292134831,0.9645608628659476,0.9349183300603557
0.0026012616425283254,0.995239835976986,0.995659335944964,0.9719101123595506,0.9693251533742331,0.9434184176229378
0.004551130572791933,0.994802759146826,0.9952206438810542,0.973314606741573,0.9711684370257967,0.946522055556329
0.004462400014105854,0.994731237483709,0.9949997203408805,0.9719101123595506,0.9692307692307691,0.9434065420242067
0.004711126605727516,0.9956848596586032,0.9958185149177505,0.9705056179775281,0.9672386895475819,0.9408912385873203
0.009822061895878951,0.9937776153088146,0.994466094141908,0.9775280898876404,0.9754601226993865,0.9547347340983502
0.005547109030839039,0.9936584125369528,0.9943183480311395,0.9747191011235955,0.9723926380368099,0.949076575860644
0.0029129144130959936,0.993412060141772,0.9939381721266838,0.9691011235955056,0.9659442724458206,0.937806605615922
0.004591286863649548,0.9939127117835913,0.9944702652852638,0.9705056179775281,0.9678407350689128,0.9406072613364177
0.002991496281052068,0.9940716488127405,0.9947232614913635,0.9719101123595506,0.9690402476780187,0.9434736879013522
0.0029461131219242166,0.994453097682698,0.995124578175877,0.9719101123595506,0.9690402476780187,0.9434736879013522
0.0008946242400323474,0.9948504402555708,0.9956216422390329,0.9747191011235955,0.9722222222222223,0.9490888555158745
0.0010015193002958541,0.9947391843351664,0.9954743806077437,0.9747191011235955,0.9723076923076923,0.9490674901256195
0.0008996791430810716,0.994468991385613,0.9952494981899868,0.973314606741573,0.9708141321044548,0.9462384673039703
0.0003234468711319487,0.9944928319399854,0.9952467690818764,0.9719101123595506,0.9694189602446484,0.9434604715479168
0.0010133174316112562,0.9943895228710387,0.9951542375537137,0.9705056179775281,0.9677419354838709,0.9405789371488954
0.0005742900219160017,0.9944769382370704,0.9950448854827922,0.9747191011235955,0.9723926380368099,0.949076575860644
0.0006310625748808883,0.9944213102768684,0.994940871101326,0.9705056179775281,0.9675425038639877,0.9406127689594388
0.0011237219588469338,0.9942782669506341,0.9949113133427511,0.9719101123595506,0.9694189602446484,0.9434604715479168
0.0007660289056421174,0.9945881941574747,0.9952178862300086,0.973314606741573,0.9708141321044548,0.9462384673039703
0.00028206795468641884,0.9949140150672304,0.9954969905694016,0.9719101123595506,0.9693251533742331,0.9434184176229378
0.00029994045715633027,0.994906068215773,0.9955473892191937,0.973314606741573,0.9708141321044548,0.9462384673039703
0.0009910637705210297,0.9951365269080391,0.9955111077320987,0.976123595505618,0.9738058551617873,0.9519055665989914
0.0006440223405667997,0.9951285800565816,0.9954161142302639,0.9747191011235955,0.9723076923076923,0.9490674901256195
0.0018716742937315226,0.9947550780380814,0.9951586102547615,0.9676966292134831,0.9648854961832062,0.9350113137199649
0.0012873026503756263,0.9940637019612829,0.9944719877440464,0.9676966292134831,0.9643410852713179,0.935006386708741
0.0027047357317380723,0.9939683397437935,0.9940964387387091,0.9592696629213483,0.9555895865237367,0.9179799323366195
0.0016940644560949872,0.9942782669506343,0.9941784981081028,0.9634831460674157,0.9603658536585366,0.926573237699753
0.0006279651492444204,0.9951683143138689,0.9951226213304254,0.9662921348314607,0.963302752293578,0.9321493673561252
0.0012458577098061298,0.9942067452875171,0.9942176221776605,0.9676966292134831,0.964992389649924,0.9351019870895073
0.0030292304046882676,0.9932213357067929,0.9942660204624101,0.9676966292134831,0.9647779479326186,0.9349504290864682
0.004149786557882319,0.9935153692107187,0.9937326709678218,0.9592696629213483,0.9553158705701079,0.9179310935217202
0.0044687345377718395,0.9926412155503989,0.9911818318075163,0.9634831460674157,0.9601226993865031,0.9264439429098191
0.004626445526566218,0.9948107059982835,0.9950061264426553,0.9648876404494382,0.9617151607963246,0.9292935968365186
0.003076553548179055,0.9938531103976604,0.9937029090101757,0.9676966292134831,0.964992389649924,0.9351019870895073
0.0026475102032007918,0.9933166979242826,0.9920167532104761,0.9705056179775281,0.967642526964561,0.940580742239901
0.003766465768651446,0.9926968435106012,0.9896259396950001,0.9705056179775281,0.9680365296803654,0.9407539728176838
0.002761874320845115,0.9929829301630694,0.9883425441834933,0.9705056179775281,0.967642526964561,0.940580742239901
0.004280026224165229,0.9926094281445691,0.9890898900181087,0.9691011235955056,0.9664634146341463,0.9378794955445212
0.004137335861989178,0.9929392224800534,0.9927541405814115,0.9691011235955056,0.966153846153846,0.937745593922794
0.0019762942705932153,0.9941590641787724,0.9937413505739957,0.9719101123595506,0.9693251533742331,0.9434184176229378
0.0033151336711065033,0.9949537493245176,0.995208498908842,0.9691011235955056,0.9666666666666668,0.9381181254354741
0.0018845760455547507,0.9947193172065227,0.9944957724700859,0.973314606741573,0.9706336939721792,0.946278248119401
0.002077884217497295,0.9946160081375759,0.994398460800094,0.9747191011235955,0.9723076923076923,0.9490674901256195
0.0018797808925352854,0.9951206332051242,0.9953499188422663,0.976123595505618,0.9738863287250384,0.9518979974590452
0.0010838499301776092,0.9948981213643155,0.9952866795607288,0.9705056179775281,0.9681335356600911,0.9408722198430101
0.00110041980147852,0.9957404876188055,0.9956453215087875,0.973314606741573,0.9707241910631741,0.9462431544194462
0.0006865111315402145,0.995295463937188,0.995281101360805,0.973314606741573,0.9708141321044548,0.9462384673039703
0.001605821718744408,0.995486188372167,0.9958410524743179,0.9747191011235955,0.9723926380368099,0.949076575860644
0.0027719574191885955,0.993817349566102,0.9940373911837201,0.9691011235955056,0.9658385093167703,0.9378824846836691
0.002773218916733399,0.9943577354652088,0.9949870342358444,0.9719101123595506,0.9691358024691358,0.9434249330200879
0.0017265528577946163,0.994063701961283,0.9933087985843698,0.9747191011235955,0.9723926380368099,0.949076575860644
0.0038744875956957764,0.9915723640293717,0.9916100811290807,0.9747191011235955,0.9723076923076923,0.9490674901256195
0.0026181901890980604,0.9921246702056644,0.9910839388429751,0.9747191011235955,0.9723926380368099,0.949076575860644
0.003953259527931797,0.9921604310372231,0.9907880207257506,0.9775280898876404,0.9753086419753085,0.954752778011661
0.0037461128809643178,0.9939206586350487,0.9923768634778973,0.9719101123595506,0.968944099378882,0.9435529130751534
0.0029218686743866817,0.9911392606249404,0.9892509203095887,0.9676966292134831,0.9650986342943854,0.9352223841296912
0.0014156455144337665,0.991842556978925,0.9895817631249207,0.9747191011235955,0.9723926380368099,0.949076575860644
0.00155252638343664,0.9928438602625639,0.991070079095034,0.976123595505618,0.9738058551617873,0.9519055665989914
0.0018999089014667544,0.9925895610159257,0.9913480863526659,0.973314606741573,0.9708141321044548,0.9462384673039703
0.002618218673047466,0.9925975078673829,0.9894808585899936,0.9705056179775281,0.9678407350689128,0.9406072613364177
0.002596827856883295,0.9932531231126228,0.9918019590654196,0.9691011235955056,0.9667673716012085,0.9382820658149958
0.0009351287100911051,0.9932054420038781,0.9912228050771299,0.9719101123595506,0.9694189602446484,0.9434604715479168
0.0018106907073741649,0.9940756222384691,0.9930546499009453,0.976123595505618,0.9738058551617873,0.9519055665989914
0.0011640172012822073,0.9936305985568518,0.9919849685935104,0.9705056179775281,0.9679389312977099,0.9406656314030291
0.001297172894424764,0.9939683397437936,0.9923885770434353,0.976123595505618,0.9739663093415009,0.9519209258363168
0.0013508474434970013,0.9941829047331447,0.9926363746706763,0.976123595505618,0.9740458015267176,0.9519742667691575
0.0010830501549977099,0.9945524333259164,0.9942708349001036,0.9747191011235955,0.9725609756097562,0.9491857533892893
0.0006337720401635288,0.9947193172065228,0.9940368711242924,0.9775280898876404,0.9755351681957186,0.9547715757397084
0.001114145241921109,0.9949616961759752,0.9946265780403648,0.9775280898876404,0.9755351681957186,0.9547715757397084
0.00036337273396014997,0.9947550780380813,0.9937798998713111,0.976123595505618,0.9739663093415009,0.9519209258363168
0.0008069463306978427,0.9946160081375759,0.993867273338549,0.9747191011235955,0.9725609756097562,0.9491857533892893
0.00029229923817172593,0.994063701961283,0.9935259386008944,0.9747191011235955,0.9725609756097562,0.9491857533892893
0.002856575573720467,0.993439874121873,0.9926984719679214,0.9747191011235955,0.9725609756097562,0.9491857533892893
0.005542418068427564,0.9934160335675005,0.9930843018202812,0.973314606741573,0.9709923664122138,0.9463199490860933
0.002134993068480662,0.9939087383578626,0.9935370543211541,0.976123595505618,0.9739663093415009,0.9519209258363168
0.0017152891494168117,0.9936226517053943,0.9931927384934358,0.9705056179775281,0.9680365296803654,0.9407539728176838
0.006043110860264213,0.9937180139228837,0.9935744421424446,0.9705056179775281,0.9680365296803654,0.9407539728176838
0.0018136644095451398,0.9949219619186879,0.9952567720897171,0.9747191011235955,0.9723926380368099,0.949076575860644
0.0014591419890521466,0.9948265997011984,0.9951060346970706,0.9719101123595506,0.9694189602446484,0.9434604715479168
0.0015118187005632785,0.9924465176896914,0.9906992550952823,0.9662921348314607,0.963855421686747,0.9328304425249206
0.0010542842738841677,0.9934200069932293,0.9939840930207665,0.9705056179775281,0.9677419354838709,0.9405789371488954
0.0019824246930143304,0.9945603801773737,0.9947688617392836,0.9705056179775281,0.9681335356600911,0.9408722198430101
0.002062462539321483,0.9939127117835913,0.9944064424534613,0.9747191011235955,0.9723926380368099,0.949076575860644
0.0017590509111225414,0.9947471311866238,0.9953368154982989,0.9747191011235955,0.9723926380368099,0.949076575860644
0.0026655362729495285,0.9942544263962618,0.9939297467102824,0.973314606741573,0.9709923664122138,0.9463199490860933
0.0008594371065096249,0.9941431704758574,0.9942794970147554,0.9691011235955056,0.9664634146341463,0.9378794955445212
0.0008934209709916238,0.99432197463365,0.9945571722756801,0.9705056179775281,0.9678407350689128,0.9406072613364177
0.0004338434768826013,0.9944451508312407,0.994903908088741,0.976123595505618,0.9741248097412482,0.9520579442740367
0.0004804218727407525,0.9940557551098255,0.9947180446734343,0.9719101123595506,0.9696969696969697,0.9437669541735924
0.0010880667419129264,0.993976286595251,0.9947577441167099,0.9775280898876404,0.9754601226993865,0.9547347340983502
0.0012024426613494183,0.9931259734893035,0.9932607023289375,0.9775280898876404,0.9754601226993865,0.9547347340983502
0.0038263850778151817,0.9934835818048888,0.9939092360628677,0.9775280898876404,0.9755351681957186,0.9547715757397084
0.0030776795642798063,0.993845163546203,0.9943855589192512,0.9719101123595506,0.9692307692307691,0.9434065420242067
0.0033281995631156817,0.9938531103976604,0.9940087735621301,0.9747191011235955,0.972644376899696,0.9492856939231934
0.006864619768444444,0.993133920340761,0.9931172138453479,0.9705056179775281,0.9680365296803654,0.9407539728176838
0.007953809809914713,0.9945087256429003,0.9951316699630669,0.9705056179775281,0.9674418604651164,0.940675118697847
0.005993050042286094,0.9948583871070281,0.9950636579379183,0.973314606741573,0.9703588143525741,0.9465670376373428
0.005180390935261108,0.9939524460408786,0.9945025079322382,0.9705056179775281,0.9681335356600911,0.9408722198430101
0.0028716726600428173,0.9940875425156553,0.9945557614316538,0.973314606741573,0.9706336939721792,0.946278248119401
0.0031325521577622,0.994468991385613,0.9949208203410073,0.9662921348314607,0.9635258358662614,0.9323330298687829
0.0038951169319315702,0.9941272767729425,0.9941309053135322,0.9719101123595506,0.9690402476780187,0.9434736879013522
0.005263610164879474,0.994627928414762,0.9951024376915051,0.9747191011235955,0.9723076923076923,0.9490674901256195
0.0039276647817607195,0.9946994500778792,0.99496867419747,0.9676966292134831,0.9648854961832062,0.9350113137199649
0.0036938056976985097,0.9942703200991767,0.9946888465633276,0.9747191011235955,0.9721362229102166,0.9491407701867826
0.0021747685630996096,0.9943656823166662,0.9947484505325445,0.9775280898876404,0.9753846153846154,0.9547284382270323
0.0010981854022490982,0.9942703200991767,0.9949337366193896,0.973314606741573,0.9708141321044548,0.9462384673039703
0.0005969160229239337,0.994413363425411,0.9949769119144312,0.9747191011235955,0.9723076923076923,0.9490674901256195
0.0006953081660145417,0.9945246193458153,0.9950948033078946,0.9719101123595506,0.9692307692307691,0.9434065420242067
